;Volcano;Event;Magnitude;VEI;SampleID;SampleObservationID;Location;Longitude;Authors;DOI;TypeOfRegister;TypeOfAnalysis;AnalyzedMaterial;AnalyticalTechnique;TypeOfSection;Latitude;SectionID;Flag;HistoricalAge;SiO2;TiO2;Al2O3;FeOT;MnO;MgO;CaO;Na2O;K2O;P2O5
3787;Hudson;HW3;;;Opr-3;Opr-3-16;;-73.67;Haberle & Lumley, 1998;https://doi.org/10.1016/S0377-0273(98)00037-7;Pyroclastic material;Micro Analytical;Glass shards;EMP;Lake core;-44.37;Laguna Oprasa;SampleID_Issue;;54.085;1.726;14.818;10.119;;4.233;7.594;3.532;1.089;
10222;Monte Burney;Unknown;;;T-33;LPA7_T33-38.698m_29;Laguna Potrok Aike;-70.383333;Smith et al., 2019;https://doi.org/10.1016/j.quascirev.2019.06.001;Pyroclastic material;Micro Analytical;Glass shards;EMP;Lake core;-51.966667;ICDP 5022-2CP;;;71.76648329;0.331904486;12.86944491;1.446493554;0.020270422;0.318075133;1.923890418;4.169834275;1.559117536;0.047834408
6093;Melimoyu;La Junta;;5.0;MM-1;MM-1-07;;-72.46178;Geoffroy et al., 2018;https://doi.org/10.1016/j.quascirev.2018.09.034;Pyroclastic material;Micro Analytical;Glass shards;EMP;Outcrop;-44.14278;Puente Los Cesares;EventName_Issue;;69.23;0.45;17.5;2.29;0.13;0.5;1.43;5.47;2.75;
13139;Quetrupillán;Puesco;4.4;4.0;CLD177B;Qu10-B-20;;-71.54839201;Fontijn et al., 2016;https://doi.org/10.1016/j.quascirev.2016.02.015;Pyroclastic material;Micro Analytical;Glass shards;EMP;Outcrop;-39.49497001;CLD177;;;67.28745426;0.80285257;15.18412441;3.937180993;0.202214737;0.818869578;2.391539637;4.546828393;3.459673916;0.246261511
3002;Chaitén;Cha1;5.5;5.0;13-1C;13-1C-26;;-72.449113;Watt et al., 2011b;https://doi.org/10.1016/j.quaint.2011.05.029;Pyroclastic material;Micro Analytical;Glass shards;EMP;Outcrop;-42.066959;;SampleID_Issue;;73.7231;0.1078;13.6103;1.1452;0.1298;0.1789;1.1774;3.99;2.9629;
14427;Unknown;Unknown;;;CALA01-59;LC1C_19;Lago Calafquen;-72.219;Fontijn et al., 2016;https://doi.org/10.1016/j.quascirev.2016.02.015;Pyroclastic material;Micro Analytical;Glass shards;EMP;Lake core;-39.546;CALA01;;;55.7025;1.3968;15.395;9.2082;0.1899;4.0792;7.6485;4.0848;1.0328;0.2875
15963;Villarrica;Unknown;;;CAL2A-VI-70.5;LC5-B_10;Lago Calafquen;-72.25;Fontijn et al., 2016;https://doi.org/10.1016/j.quascirev.2016.02.015;Pyroclastic material;Micro Analytical;Glass shards;EMP;Lake core;-39.549;CAL2;;;55.8535;1.5171;13.002;11.1245;0.1963;5.0024;7.68;3.2587;1.1985;0.279
904;Chaitén;Vcha-2008;;;1101SC1 8-9 cm;12-01-2/6;;-72.70622;Alloway et al., 2017a;https://doi.org/10.1016/j.quascirev.2017.05.011;Pyroclastic material;Micro Analytical;Glass shards;EMP;Lake core;-42.90225;Lago Teo;Geochemistry_Issue;2008;76.37745;0.155;13.957757;1.459124;0.0;0.246;1.353;3.201264;3.063166;
5162;Llaima;Unknown;;;JK195a;JK195a-13;;-71.63;Schindlbeck et al., 2014;https://doi.org/10.1007/s00445-014-0830-x;Pyroclastic material;Micro Analytical;Glass shards;EMP;Outcrop;-38.77;C260;;;65.22;0.8783;15.55;6.64;0.2138;1.1934;4.24;5.06;1.43;0.2324
10871;Puyehue-Cordón Caulle;PCC2011;5.0;;PCC-2;13-19-2-23;Bariloche (BSI),  km 7.600;-71.401777;Alloway et al., 2015;https://doi.org/10.1038/srep17589;Pyroclastic material;Micro Analytical;Glass shards;LA-ICP-MS;Outcrop;-41.13;;;2011;;;;;;;;;;
13288;Quetrupillán;Unknown;;;CLD184D;Qu12-D-16;;-71.63152901;Fontijn et al., 2016;https://doi.org/10.1016/j.quascirev.2016.02.015;Pyroclastic material;Micro Analytical;Glass shards;EMP;Outcrop;-39.38500204;CLD184;;;67.41835998;0.807915068;15.15716744;3.987516376;0.0;0.866981969;2.386703249;4.614226206;3.477939214;0.168190497
6022;Llaima;Llaima Pumice;;;LLA6;LLA6;;-71.62613;Schindlbeck et al., 2014;https://doi.org/10.1007/s00445-014-0830-x;Pyroclastic material;Bulk;Whole rock;XRF;Outcrop;-38.76943;CH001;Geochemistry_Issue;;59.36;1.16;16.74;;0.17;2.42;5.49;4.87;1.0;0.31
6047;Macá;MAC1;;;T-35;LPA7_T35-55.931m_15;Laguna Potrok Aike;-70.383333;Smith et al., 2019;https://doi.org/10.1016/j.quascirev.2019.06.001;Pyroclastic material;Micro Analytical;Glass shards;EMP;Lake core;-51.966667;ICDP 5022-2CP;SampleID_Issue;;66.01684388;0.47847042;13.99039272;2.712174758;0.02283779;0.719483983;2.919680415;4.019263845;2.39834234;0.123455103
12570;Quetrupillán;Quet3;3.0;3.0;CLD163D;Qu04-Gb-14;;-71.52932804;Fontijn et al., 2016;https://doi.org/10.1016/j.quascirev.2016.02.015;Pyroclastic material;Micro Analytical;Glass shards;EMP;Outcrop;-39.55901102;CLD163;;;68.19777358;0.733492312;14.94503094;3.505352753;0.109073209;0.801537983;2.351578353;4.405957229;3.12509753;0.158106119
16184;Villarrica;Unknown;;;CLD056B;12F1-D_9;;-71.86922089;Fontijn et al., 2016;https://doi.org/10.1016/j.quascirev.2016.02.015;Pyroclastic material;Micro Analytical;Glass shards;EMP;Outcrop;-39.33912979;CLD056;;;57.2619;1.5701;14.3323;10.4816;0.1605;3.5239;6.663;3.5789;1.1266;0.3126
4087;Hudson;H1;;;B-3;LPA_9.904m_3;Laguna Potrok Aike;-70.383333;Smith et al., 2019;https://doi.org/10.1016/j.quascirev.2019.06.001;Pyroclastic material;Micro Analytical;Glass shards;EMP;Lake core;-51.966667;ICDP 5022-2CP;;;64.37705701;1.212403715;15.68740486;4.584354959;0.055556495;1.341406094;2.738766224;5.991156711;2.920244147;0.332046956
692;Carrán-Los Venados;Riñinahue1907;;;54.5-55 cm;84;Lago Puyehue;-72.365893;Bertrand et al., 2008;https://doi.org/10.1016/j.yqres.2008.06.001;Pyroclastic material;Micro Analytical;Glass shards;EMP;Lake core;-40.664295;PU-I-P1;;1907;72.69;0.35;13.74;1.39;;0.07;2.09;4.49;2.04;
11738;Puyehue-Cordón Caulle;Mil Hojas;5.0;5.0;CLD252B;IT'-VI-F_15;;-71.70500703;Fontijn et al., 2016;https://doi.org/10.1016/j.quascirev.2016.02.015;Pyroclastic material;Micro Analytical;Glass shards;EMP;Outcrop;-40.59822301;CLD252;;;69.3007;0.6456;14.1118;3.7627;0.1051;0.5076;1.9796;5.4338;2.8566;0.1441
1271;Chaitén;Vcha-2008;;;Esquel-05-05-2008;08-1_6 14;Esquel;-71.32277778;Alloway et al., 2017a;https://doi.org/10.1016/j.quascirev.2017.05.011;Pyroclastic material;Micro Analytical;Glass shards;EMP;Outcrop;-42.91111111;;Geochemistry_Issue;2008;75.1634373;0.129;13.8191407;1.1556843;0.065;0.251;1.213221;3.946813;3.18380086;
5597;Llaima;Unknown;;;JK227;JK227-9;;-71.61;Schindlbeck et al., 2014;https://doi.org/10.1007/s00445-014-0830-x;Pyroclastic material;Micro Analytical;Glass shards;EMP;Outcrop;-38.77;C265;;;56.61;1.5028;15.48;10.24;0.1572;3.54;7.64;4.04;1.0412;0.2645
1571;Chaitén;Unknown;;;-12,00 LTT;13-21-3-19;;-72.70622;Alloway et al., 2017a;https://doi.org/10.1016/j.quascirev.2017.05.011;Pyroclastic material;Micro Analytical;Glass shards;LA-ICP-MS;Lake core;-42.90225;Lago Teo;;;;;;;;;;;;
7814;Mocho-Choshuenco;Neltume;5.7;;040114-2B;6F1_2;;-72.068;Rawson et al., 2015;https://doi.org/10.1016/j.jvolgeores.2015.04.003;Pyroclastic material;Micro Analytical;Glass shards;EMP;Outcrop;-39.529;040114-2;EventName_Issue;;69.9109;0.4738;15.5511;2.9633;0.0597;0.6268;2.0416;5.8825;2.4412;0.0991
2691;Chaitén;Vcha-2008;;;SC-T1;15-01-6-1;Lago Pinto, Futaleufú;-71.90211;Alloway et al., 2017a;https://doi.org/10.1016/j.quascirev.2017.05.011;Pyroclastic material;Micro Analytical;Glass shards;EMP;Lake core;-43.15761;Lago Pinto, Futaleufú;Geochemistry_Issue;2008;75.033;0.152892;13.884;1.233;0.294;0.061;1.38;3.753078;3.039036;
16389;Villarrica;Unknown;;;LR0901B-T5-1;LRa1-D_8;Laguna Las Ranas;-72.087;Fontijn et al., 2016;https://doi.org/10.1016/j.quascirev.2016.02.015;Pyroclastic material;Micro Analytical;Glass shards;EMP;Lake core;-39.189;LR0901B;;;55.4975;1.1927;17.4229;8.3679;0.2382;3.3337;8.469;3.8434;0.8449;0.2792
15499;Unknown;Unknown;;;-20,00 LTT;08-7_2 5;;-72.70622;Moreno et al., 2015;https://doi.org/10.1130/G36248.1;Pyroclastic material;Micro Analytical;Glass shards;EMP;Lake core;-42.90225;Lago Teo;VolcanicSource_Issue;;67.52889253;0.56593213;16.14431147;3.863605344;0.099932253;0.754225534;2.546134817;5.102231318;3.394734603;
13718;Reclus;R1;;;PROXAVZ1-R1-RioTurbio;PROXAVZ1-R1-RioTurbio_19;Río Turbo;-72.0;Smith et al., 2019;https://doi.org/10.1016/j.quascirev.2019.06.001;Pyroclastic material;Micro Analytical;Glass shards;EMP;Outcrop;-51.0;;;;73.38621728;0.119119967;12.50750098;1.157834611;0.021223622;0.162618832;1.361657862;4.04998329;2.622264515;0.022753252
12161;Puyehue-Cordón Caulle;Unknown;;;RIN2B-III-22.5;2T3_2;Lago Riñihue;-72.389;Fontijn et al., 2016;https://doi.org/10.1016/j.quascirev.2016.02.015;Pyroclastic material;Micro Analytical;Glass shards;EMP;Outcrop;-39.816;RIN2;;;67.08718845;0.773158362;15.0886577;4.134028381;0.059697161;0.632729806;3.120679094;5.03870079;2.142186538;0.168173713
939;Chaitén;Cha1;;;8J13S2-T2;13-05-29-8;;-72.66;Alloway et al., 2017a;https://doi.org/10.1016/j.quascirev.2017.05.011;Pyroclastic material;Micro Analytical;Glass shards;EMP;Outcrop;-41.74;Puelche;Geochemistry_Issue;;73.888482;0.099;13.110216;1.384992;0.177;0.047;1.032993;3.477006;2.888912;
6977;Michinmahuida;Unknown;;;AA040311-1R;AA040311-1R;;-72.33933;Amigo et al., 2013;https://doi.org/10.5027/andgeoV40n2-a03;Pyroclastic material;Bulk;Bulk scoria;XRF, ICP-MS;Outcrop;-42.88833;Mallines;Geochemistry_Issue, Outlier;;;;;;;;;;;
3976;Hudson;Hudson1991;;;210B;#3;;-72.70028;Kratzmann et al., 2008;https://doi.org/10.1007/s00445-008-0234-x;Pyroclastic material;Micro Analytical;Melt inclusion;EMP, ICP-MS;Outcrop;-46.165;28;Geochemistry_Issue;1991;62.67;1.06;16.16;4.5;0.17;1.31;2.87;6.45;2.78;0.29
12923;Quetrupillán;Quet1;3.0;3.0;CLD168R;Qu08-F_22;;-71.54553797;Fontijn et al., 2016;https://doi.org/10.1016/j.quascirev.2016.02.015;Pyroclastic material;Micro Analytical;Glass shards;EMP;Outcrop;-39.50296802;CLD168;;;71.8431;0.411;14.9345;2.3349;0.0589;0.2997;1.2496;5.1372;3.9552;0.062
2401;Chaitén;Vilcún;;;S11-6;12-07-2-06;;-72.67638889;Alloway et al., 2017a;https://doi.org/10.1016/j.quascirev.2017.05.011;Pyroclastic material;Micro Analytical;Glass shards;LA-ICP-MS;Outcrop;-42.81027778;Section 11;;;;;;;;;;;;
14265;Unknown;Unknown;;;CAL2A-IV-41.5;LC13-C_18;Lago Calafquen;-72.25;Fontijn et al., 2016;https://doi.org/10.1016/j.quascirev.2016.02.015;Pyroclastic material;Micro Analytical;Glass shards;EMP;Lake core;-39.549;CAL2;;;58.2438;1.8826;14.4638;10.4309;0.1872;2.7552;5.975;3.9771;1.2683;0.3789
10838;Puyehue-Cordón Caulle;PCC2011;5.0;;PCC-19;PCC-19_11;National Route 40, Villa Llanquin;-71.016003;Alloway et al., 2015;https://doi.org/10.1038/srep17589;Pyroclastic material;Micro Analytical;Glass shards;EMP;Outcrop;-40.880955;;Geochemistry_Issue;2011;73.078222;0.429226;14.044674;3.124366;0.069874;0.369334;1.337588;4.052692;3.14433;
8243;Mocho-Choshuenco;Huilo;5.3;5.0;100114-3D;6F6_25;;-71.815;Rawson et al., 2015;https://doi.org/10.1016/j.jvolgeores.2015.04.003;Pyroclastic material;Micro Analytical;Glass shards;EMP;Outcrop;-39.986;100114-3;EventName_Issue;;66.1243;0.8351;15.6486;3.694;0.1605;1.0343;2.9737;6.0748;1.7917;0.1572
6966;Michinmahuida;Unknown;;;Sec 1 Unk Rep 2;Sec 1 Unk Rep 2;;-72.429111;Alloway et al., 2017b;https://doi.org/10.1002/jqs.2976;Pyroclastic material;Bulk;Bulk tephra;SN-ICP-MS;Outcrop;-43.163694;Section 1;VolcanicSource_Issue;;;;;;;;;;;
11895;Puyehue-Cordón Caulle;Mil Hojas;5.0;5.0;CLD325B;PI-E-4;;-72.14097697;Fontijn et al., 2016;https://doi.org/10.1016/j.quascirev.2016.02.015;Pyroclastic material;Micro Analytical;Glass shards;EMP;Outcrop;-40.65772799;CLD325;;;67.3086;0.7304;14.2963;4.0908;0.1511;0.6669;2.3069;5.0115;2.6523;0.1858
4389;Hudson;Ho;;;CS-2705;CS-2705;Laguna Churrasco;-71.821028;Weller et al., 2015;https://doi.org/10.1007/s00445-015-0991-2;Pyroclastic material;Bulk;Bulk tephra;ICP-MS;Lake core;-45.690114;PC1201 A;;;;;;;;;;;;
9611;Mocho-Choshuenco;Neltume;5.7;;150114-7A;3F6_10;;-71.969;Rawson et al., 2015;https://doi.org/10.1016/j.jvolgeores.2015.04.003;Pyroclastic material;Micro Analytical;Glass shards;EMP;Outcrop;-39.814;150114-7;EventName_Issue;;69.9743;0.4187;14.6176;3.4799;0.1096;0.5986;1.9976;5.6313;2.2424;0.0959
8581;Mocho-Choshuenco;MC19;3.0;;116_10d;116_10d_16;;-71.913299;Rawson et al., 2015;https://doi.org/10.1016/j.jvolgeores.2015.04.003;Pyroclastic material;Micro Analytical;Glass shards;EMP;Outcrop;-39.868816;;;;64.4334;0.95;15.4127;4.4107;0.1023;1.2264;3.7283;5.5238;1.6;0.2764
16381;Villarrica;Unknown;;;LR0901B-T5-1;LRa1-D_19;Laguna Las Ranas;-72.087;Fontijn et al., 2016;https://doi.org/10.1016/j.quascirev.2016.02.015;Pyroclastic material;Micro Analytical;Glass shards;EMP;Lake core;-39.189;LR0901B;;;58.8292;1.358;15.6799;9.3716;0.1574;3.0619;6.1932;4.1578;1.305;0.3529
14700;Unknown;Unknown;;;CLD415D;FXV-V-B_10;;-72.24268399;Fontijn et al., 2016;https://doi.org/10.1016/j.quascirev.2016.02.015;Pyroclastic material;Micro Analytical;Glass shards;EMP;Outcrop;-40.89698003;CLD415;;;68.8713;0.3688;14.9853;3.5103;0.0936;0.3485;2.2822;5.0471;2.1483;0.0242
16734;Yate;Unknown;;;YLL-8;YLL-8;;-72.424354;Mella, 2008;https://doi.org/10.11606/T.44.2009.tde-04032009-091537;Effusive material;Bulk;Whole rock;XRF, ICP-MS;Outcrop;-41.748802;;;;52.12;1.2;19.59;;0.16;3.25;9.6;3.32;0.7;0.18
12464;Quetrupillán;Puesco;4.4;4.0;CLD038B;12F4-C_28;;-71.55060178;Fontijn et al., 2016;https://doi.org/10.1016/j.quascirev.2016.02.015;Pyroclastic material;Micro Analytical;Glass shards;EMP;Outcrop;-39.5239036;CLD038;;;66.8422;0.9105;15.5103;4.1168;0.1739;0.9067;2.4752;5.1405;3.441;0.2537
1683;Chaitén;Unknown;;;-2,00 LTT;12-01-4-05;;-72.70622;Alloway et al., 2017a;https://doi.org/10.1016/j.quascirev.2017.05.011;Pyroclastic material;Micro Analytical;Glass shards;LA-ICP-MS;Lake core;-42.90225;Lago Teo;;;;;;;;;;;;
4152;Hudson;H1;;;PROXAVZ1-H1-93-21G;PROXAVZ1-H1-93-21G_21;Río Chico;-68.7;Smith et al., 2019;https://doi.org/10.1016/j.quascirev.2019.06.001;Pyroclastic material;Micro Analytical;Glass shards;EMP;Outcrop;-53.55;;;;63.69226218;1.163846591;16.09188043;4.656777216;0.164021402;1.354393561;2.820949547;6.044551268;2.837441099;0.365893896
2356;Chaitén;Cha1;;;Raya-1;13-02-1-04;Río Raya;-72.64138889;Alloway et al., 2017a;https://doi.org/10.1016/j.quascirev.2017.05.011;Pyroclastic material;Micro Analytical;Glass shards;LA-ICP-MS;Outcrop;-42.79944444;Río Raya;;;;;;;;;;;;
5109;Llaima;1640 Llaima;;;31;31;;-71.73;Reubi et al., 2011;https://doi.org/10.1016/j.epsl.2010.12.018;Effusive material;Bulk;Lava;XRF, ICP-MS;Outcrop;-38.7;;Position_Issue, Geochemistry_Issue;1640;;;;;;;;;;
4947;Llaima;Curacautín;;;LL9-1;LL9-1;;-71.8675;Lohmar, 2008;https://www.theses.fr/2008CLF21851;Pyroclastic material;Bulk;Bulk tephra;ICP-AES;Outcrop;-38.779202;;DOI_Issue;;57.0;1.4;15.6;;0.39;2.45;5.8;4.45;0.94;0.32
6899;Michinmahuida;Lepué;;;LAZ-T7A;12-05-4-09;La Zeta, Esquel;-71.36472222;Alloway et al., 2017b;https://doi.org/10.1002/jqs.2976;Pyroclastic material;Micro Analytical;Glass shards;LA-ICP-MS;Outcrop;-42.89083333;La Zeta, Esquel;;;;;;;;;;;;
4516;Lautaro;Lautaro1959-60;;;Laut-GEM10;Laut-GEM10_9;Laguna Gemelas;-72.8985;Mayr et al., 2019;https://doi.org/10.1007/s10933-019-00088-y;Pyroclastic material;Micro Analytical;Glass shards;EMP;Lake core;-49.3849;GEM17-1;;1943-1968;74.54691367;0.240055223;13.54869301;1.504484884;0.073969928;0.300540017;2.061837388;3.638904025;3.038022301;0.031828883
5991;Llaima;Unknown;;;JK284;JK284;;-71.6244;Schindlbeck et al., 2014;https://doi.org/10.1007/s00445-014-0830-x;Pyroclastic material;Bulk;Whole rock;XRF;Outcrop;-38.7138;Llaima lava <3000;Geochemistry_Issue;;59.38;1.33;16.09;;0.17;2.54;5.94;4.27;1.08;0.32
625;Calbuco;Calbuco 1792;;;XG0119B;XG0119B;;-72.593458;Sellés & Moreno, 2011;https://www.researchgate.net/publication/299344520_Geologia_del_volcan_Calbuco_Region_de_Los_Lagos_Text;Organic matter;Micro Analytical;Charcoal;Accelerator Mass Spectrometry;Outcrop;-41.432673;;DOI_Issue;;;;;;;;;;;
11006;Puyehue-Cordón Caulle;PCC2011;5.0;;PCC-7;PCC-7_2;Villa La Angostura (VLA), Gendarmería;-71.526204;Alloway et al., 2015;https://doi.org/10.1038/srep17589;Pyroclastic material;Micro Analytical;Glass shards;EMP;Outcrop;-40.678596;;Geochemistry_Issue;2011;72.381265;0.489265;14.27855;3.29505;0.109835;0.43934;1.43784;4.31352;2.945575;
12800;Quetrupillán;Puesco;4.4;4.0;CLD168B;Qu06-F_17;;-71.54553797;Fontijn et al., 2016;https://doi.org/10.1016/j.quascirev.2016.02.015;Pyroclastic material;Micro Analytical;Glass shards;EMP;Outcrop;-39.50296802;CLD168;;;66.8005;0.9344;14.9543;4.1568;0.1449;0.8907;2.3894;5.0858;3.4946;0.2163
11266;Puyehue-Cordón Caulle;PCC2;4.9;5.0;CAL3B-II-69;LC16-D_7;Lago Calafquen;-72.25;Fontijn et al., 2016;https://doi.org/10.1016/j.quascirev.2016.02.015;Pyroclastic material;Micro Analytical;Glass shards;EMP;Lake core;-39.549;CAL3;;;71.3035;0.3421;13.652;3.064;0.1143;0.1392;1.2149;5.0685;3.4517;0.0358
3091;Chaitén;Vcha-2008;;;Cha 2008;F9ao-2;;-72.69;Watt et al., 2013;https://doi.org/10.5027/andgeoV40n2-a02;Pyroclastic material;Micro Analytical;Glass shards;EMP;Outcrop;-42.81;-2,00 F;Geochemistry_Issue;2008;;;;;;;;;;
11885;Puyehue-Cordón Caulle;Mil Hojas;5.0;5.0;CLD325B;PI-E-15;;-72.14097697;Fontijn et al., 2016;https://doi.org/10.1016/j.quascirev.2016.02.015;Pyroclastic material;Micro Analytical;Glass shards;EMP;Outcrop;-40.65772799;CLD325;;;67.7806;0.7328;13.9993;4.09;0.1881;0.6866;2.1992;4.9226;2.7405;0.145
11019;Puyehue-Cordón Caulle;PCC2011;5.0;;PCC-8;13-19-5-05;Arroyo Ragintuco;-71.510465;Alloway et al., 2015;https://doi.org/10.1038/srep17589;Pyroclastic material;Micro Analytical;Glass shards;LA-ICP-MS;Outcrop;-40.861998;;;2011;;;;;;;;;;
8714;Mocho-Choshuenco;Huilo;5.3;5.0;120114-13G;5F2_11;;-71.933;Rawson et al., 2015;https://doi.org/10.1016/j.jvolgeores.2015.04.003;Pyroclastic material;Micro Analytical;Glass shards;EMP;Outcrop;-39.994;120114-13;EventName_Issue;;60.6152;1.1146;16.7393;6.54;0.1866;2.3221;5.2112;5.5327;1.3219;0.3883
3601;Hudson;HW6;;;AA-10299;AA-10299;;-74.48;Haberle & Lumley, 1998;https://doi.org/10.1016/S0377-0273(98)00037-7;Organic matter;Micro Analytical;;Accelerator Mass Spectrometry;Lake core;-46.43;Laguna Six minutes;;;;;;;;;;;;
10579;Puyehue-Cordón Caulle;PCC2011;5.0;;PCC-11;13-20-1-16;Población Gonález,  La Lipela;-71.136627;Alloway et al., 2015;https://doi.org/10.1038/srep17589;Pyroclastic material;Micro Analytical;Glass shards;LA-ICP-MS;Outcrop;-40.750952;;;2011;;;;;;;;;;
1685;Chaitén;Unknown;;;-2,00 LTT;12-01-4-07;;-72.70622;Alloway et al., 2017a;https://doi.org/10.1016/j.quascirev.2017.05.011;Pyroclastic material;Micro Analytical;Glass shards;LA-ICP-MS;Lake core;-42.90225;Lago Teo;;;;;;;;;;;;
16054;Villarrica;Pucón;5.7;5.0;CLD026C;12F1-C_19;;-71.97945353;Fontijn et al., 2016;https://doi.org/10.1016/j.quascirev.2016.02.015;Pyroclastic material;Micro Analytical;Glass shards;EMP;Outcrop;-39.31208019;CLD026;;;56.1965;1.4262;16.0652;8.6666;0.1135;2.7023;6.8883;3.4513;0.8163;0.2984
11228;Puyehue-Cordón Caulle;PCC2;4.9;5.0;CAL3B-II-69;CL'-C_18;Lago Calafquen;-72.25;Fontijn et al., 2016;https://doi.org/10.1016/j.quascirev.2016.02.015;Pyroclastic material;Micro Analytical;Glass shards;EMP;Lake core;-39.549;CAL3;;;71.3985;0.2487;13.6177;2.6906;0.1227;0.122;1.3948;5.093;3.1125;0.0
13708;Reclus;R1;;;PROXAVZ1-R1-90-06;PROXAVZ1-R1-90-06_28;Pampa Alegre (Rio Seco);-70.85;Smith et al., 2019;https://doi.org/10.1016/j.quascirev.2019.06.001;Pyroclastic material;Micro Analytical;Glass shards;EMP;Outcrop;-53.066667;;;;74.74500401;0.073928772;12.75358864;1.310873857;0.012742986;0.173829889;1.348227342;4.053631298;2.566982058;0.044259989
1305;Chaitén;Vcha-2008;;;Esquel-05-05-2008;13-23-3-20;Esquel;-71.32277778;Alloway et al., 2017a;https://doi.org/10.1016/j.quascirev.2017.05.011;Pyroclastic material;Micro Analytical;Glass shards;LA-ICP-MS;Outcrop;-42.91111111;;;2008;;;;;;;;;;
15159;Unknown;Unknown;;;VILL1G-I-86;LV4E_7;Lago Villarrica;-72.171;Fontijn et al., 2016;https://doi.org/10.1016/j.quascirev.2016.02.015;Pyroclastic material;Micro Analytical;Glass shards;EMP;Lake core;-39.257;VILL1;;;63.1627;0.9977;15.2883;6.3339;0.1337;1.7179;4.277;4.965;1.8596;0.2434
7705;Mocho-Choshuenco;Hua-hum;4.6;4.0;020300-1;4J4_16;;-71.9843;Rawson et al., 2015;https://doi.org/10.1016/j.jvolgeores.2015.04.003;Pyroclastic material;Micro Analytical;Glass shards;EMP;Outcrop;-39.8132;020300-1;EventName_Issue;;64.2576;1.059;16.6171;5.2812;0.1386;1.7511;4.1272;5.984;1.5452;0.4217
13173;Quetrupillán;Quet5;3.0;;CLD177D;Qu10-C-5;;-71.54839201;Fontijn et al., 2016;https://doi.org/10.1016/j.quascirev.2016.02.015;Pyroclastic material;Micro Analytical;Glass shards;EMP;Outcrop;-39.49497001;CLD177;;;65.54755461;1.115098206;15.50627138;4.259194675;0.156153788;1.179161299;3.004959439;4.199135525;3.243194065;0.281277016
3353;Huanquihue Group;Achen;;;RIN2A-I-32;1T7_4;Lago Riñihue;-72.389;Fontijn et al., 2016;https://doi.org/10.1016/j.quascirev.2016.02.015;Pyroclastic material;Micro Analytical;Glass shards;EMP;Lake core;-39.816;RIN2;;;52.70942088;2.216068218;14.36589352;12.21150514;0.289474662;3.278242973;6.634787289;3.856491389;1.90586673;0.578849194
797;Carrán-Los Venados;Carrán1955;;;PulT1;MSC1A_13;Lago Pullinque;-72.163;Fontijn et al., 2016;https://doi.org/10.1016/j.quascirev.2016.02.015;Pyroclastic material;Micro Analytical;Glass shards;EMP;Lake core;-39.571;PULGC01;;1955;58.6581;1.4998;15.6947;8.2695;0.172;2.6719;5.6397;4.2917;1.2636;0.3291
803;Carrán-Los Venados;Carrán1955;;;PulT1;MSC1A_2;Lago Pullinque;-72.163;Fontijn et al., 2016;https://doi.org/10.1016/j.quascirev.2016.02.015;Pyroclastic material;Micro Analytical;Glass shards;EMP;Lake core;-39.571;PULGC01;;1955;57.1641;1.411;14.8239;9.5145;0.1359;3.0754;5.8829;4.7013;1.3112;0.3539
10504;Puyehue-Cordón Caulle;PCC2011;5.0;;PCC-1;13-19-1-24;Bariloche (BSI),  km 7.600;-71.401777;Alloway et al., 2015;https://doi.org/10.1038/srep17589;Pyroclastic material;Micro Analytical;Glass shards;LA-ICP-MS;Outcrop;-41.13;;;2011;;;;;;;;;;
12507;Quetrupillán;Unknown;;;CLD160N;Qu02-F_12;;-71.815766;Fontijn et al., 2016;https://doi.org/10.1016/j.quascirev.2016.02.015;Pyroclastic material;Micro Analytical;Glass shards;EMP;Outcrop;-39.45846599;CLD160;;;53.50266519;1.370447053;15.01768639;9.602134282;0.109859886;5.407747853;9.126975265;3.411259534;0.941213071;0.204511483
12695;Quetrupillán;Puesco;4.4;4.0;CLD166D;Qu05-Fb-15;;-71.55183798;Fontijn et al., 2016;https://doi.org/10.1016/j.quascirev.2016.02.015;Pyroclastic material;Micro Analytical;Glass shards;EMP;Outcrop;-39.52539397;CLD166;;;68.54466304;0.936238349;15.58361222;3.90616663;0.154203963;0.938240998;2.361123023;4.57405003;3.375464678;0.179237074
11713;Puyehue-Cordón Caulle;Mil Hojas;5.0;5.0;CLD252A;IT'-VI-E_19;;-71.70500703;Fontijn et al., 2016;https://doi.org/10.1016/j.quascirev.2016.02.015;Pyroclastic material;Micro Analytical;Glass shards;EMP;Outcrop;-40.59822301;CLD252;;;69.1329;0.639;14.0801;3.8131;0.1856;0.5236;1.9564;4.964;2.7285;0.1136
15427;Unknown;Unknown;;;Laut-GEM5;Laut-GEM5_25;Laguna Gemelas;-72.8985;Mayr et al., 2019;https://doi.org/10.1007/s10933-019-00088-y;Pyroclastic material;Micro Analytical;Glass shards;EMP;Lake core;-49.3849;GEM17-1;;1986-1998;71.71553424;0.206396428;12.96938887;1.474820648;0.03109821;0.344855227;1.818240574;3.338416765;3.551032835;0.064110156
13419;Quetrupillán;Unknown;;;CLD197A;CT'-I-C_27;;-71.66827703;Fontijn et al., 2016;https://doi.org/10.1016/j.quascirev.2016.02.015;Pyroclastic material;Micro Analytical;Glass shards;EMP;Outcrop;-39.565191;CLD197;;;53.112;1.5745;15.4678;10.248;0.1433;5.1277;8.629;3.1356;0.8987;0.3011
8329;Mocho-Choshuenco;Riñihue;3.0;;110114-5i;10F5_22;;-71.991;Rawson et al., 2015;https://doi.org/10.1016/j.jvolgeores.2015.04.003;Pyroclastic material;Micro Analytical;Glass shards;EMP;Outcrop;-39.909329;110114-5;Position_Issue, EventName_Issue;;55.9716;1.4765;15.2345;9.9583;0.1436;4.3479;7.7069;3.7812;1.0499;0.2776
14887;Unknown;Unknown;;;LR0901B-T9-66;LRa3-F_13;Laguna Las Ranas;-72.087;Fontijn et al., 2016;https://doi.org/10.1016/j.quascirev.2016.02.015;Pyroclastic material;Micro Analytical;Glass shards;EMP;Lake core;-39.189;LR0901B;;;53.908;2.2449;13.5958;11.1733;0.1642;3.4858;6.6618;3.6362;1.5513;0.7026
9426;Mocho-Choshuenco;MC11;3.0;;140114-5D;2F4_17;;-71.918;Rawson et al., 2015;https://doi.org/10.1016/j.jvolgeores.2015.04.003;Pyroclastic material;Micro Analytical;Glass shards;EMP;Outcrop;-39.878;140114-5;;;60.1371;1.9001;13.443;10.0785;0.1981;2.2721;5.2951;3.9875;1.7551;0.468
9035;Mocho-Choshuenco;MC12;4.0;;130111-09A;1N5_13;;-71.89539199;Rawson et al., 2015;https://doi.org/10.1016/j.jvolgeores.2015.04.003;Pyroclastic material;Micro Analytical;Glass shards;EMP;Outcrop;-39.85338698;130111-09;;;64.7916;0.9455;15.6186;5.488;0.1895;1.3283;3.5081;5.2111;1.8341;0.3113
13061;Quetrupillán;Puesco;4.4;4.0;CLD175A;Qu09-E-1;;-71.56406097;Fontijn et al., 2016;https://doi.org/10.1016/j.quascirev.2016.02.015;Pyroclastic material;Micro Analytical;Glass shards;EMP;Outcrop;-39.55598599;CLD175;;;67.21723406;0.783854019;15.11346632;3.580901439;0.0;0.890970724;2.431649314;4.50891252;3.406711657;0.275299943
3887;Hudson;HW6;;;Six-3;Six-3-10;;-74.48;Haberle & Lumley, 1998;https://doi.org/10.1016/S0377-0273(98)00037-7;Pyroclastic material;Micro Analytical;Glass shards;EMP;Lake core;-46.43;Laguna Six minutes;SampleID_Issue;;54.848;2.079;14.197;10.139;;3.1;6.808;3.983;1.619;
15788;Unknown;Unknown;;;CS 4108;CS 4108;Lago Tranquilo;-71.745902;Weller et al., 2015;https://doi.org/10.1007/s00445-015-0991-2;Pyroclastic material;Bulk;Bulk tephra;ICP-MS;Lake core;-45.459683;PC1203 A;;;;;;;;;;;;
9327;Mocho-Choshuenco;MC12;4.0;;140114-2B;8F3_13;;-71.897;Rawson et al., 2015;https://doi.org/10.1016/j.jvolgeores.2015.04.003;Pyroclastic material;Micro Analytical;Glass shards;EMP;Outcrop;-39.848;140114-2;;;64.6974;0.8749;16.303;5.3948;0.2364;1.3277;3.6866;5.7261;1.8534;0.3235
4122;Hudson;H2;;;H2-E_0-30;H2-E_0-30_17;Laguna Espejo;-72.132808;Smith et al., 2019;https://doi.org/10.1016/j.quascirev.2019.06.001;Pyroclastic material;Micro Analytical;Glass shards;EMP;Lake core;-45.7573;PC1003 A;;;66.15163935;0.646979316;14.78011599;2.969064732;0.09810003;0.580232825;1.584411661;5.633442311;3.406475454;0.136378277
4195;Hudson;H1;;6.0;90-12;90-12 (Tephra);Río Rusphen;-69.25;Stern, 2008;https://doi.org/10.1007/s00445-007-0148-z;Pyroclastic material;Bulk;Bulk tephra;XRF;Outcrop;-53.75;;Geochemistry_Issue;;61.88;1.42;16.24;5.67;0.15;1.79;3.84;5.76;2.51;0.31
3111;Chaitén;Vcha-2008;;;Cha 2008;G5a-1;;-72.69;Watt et al., 2013;https://doi.org/10.5027/andgeoV40n2-a02;Pyroclastic material;Micro Analytical;Glass shards;EMP;Outcrop;-42.81;-2,00 F;Geochemistry_Issue;2008;;;;;;;;;;
6312;Melimoyu;La Junta;;5.0;MM-5;MM-5-17;;-72.46178;Geoffroy et al., 2018;https://doi.org/10.1016/j.quascirev.2018.09.034;Pyroclastic material;Micro Analytical;Glass shards;EMP;Outcrop;-44.14278;Puente Los Cesares;EventName_Issue;;70.11;0.43;18.0;2.34;0.15;0.53;1.5;5.37;2.9;
11452;Puyehue-Cordón Caulle;Mil Hojas;5.0;5.0;CLD241C;IT'IV-F_2;;-71.70416398;Fontijn et al., 2016;https://doi.org/10.1016/j.quascirev.2016.02.015;Pyroclastic material;Micro Analytical;Glass shards;EMP;Outcrop;-40.65786503;CLD241;;;69.3773;0.6849;14.0123;4.3701;0.1234;0.5769;1.9161;5.5076;2.8203;0.1395
14404;Unknown;Unknown;;;CALA01-35;LC1B_16;Lago Calafquen;-72.219;Fontijn et al., 2016;https://doi.org/10.1016/j.quascirev.2016.02.015;Pyroclastic material;Micro Analytical;Glass shards;EMP;Lake core;-39.546;CALA01;;;52.0607;1.4778;14.6824;9.8504;0.1627;5.6397;9.5721;3.192;0.7866;0.2859
3036;Chaitén;Cha1;5.5;5.0;20-2D;20-2D;;-72.42699;Watt et al., 2011b;https://doi.org/10.1016/j.quaint.2011.05.029;Pyroclastic material;Bulk;Bulk tephra;ICP-MS;Outcrop;-41.992649;B;;;;;;;;;;;;
11964;Puyehue-Cordón Caulle;PCC2011;;;PA12CCT35;CCT6-E_14;;-72.05987;Fontijn et al., 2016;https://doi.org/10.1016/j.quascirev.2016.02.015;Pyroclastic material;Micro Analytical;Glass shards;EMP;Outcrop;-40.67329;;;2011;70.24076902;0.647808281;14.35776349;3.738495878;0.105380286;0.580493117;1.941221072;5.068270878;2.774546739;0.146851235
15888;Villarrica;Unknown;;;CAL1A-VI-62;LC8-D_6;Lago Calafquen;-72.219;Fontijn et al., 2016;https://doi.org/10.1016/j.quascirev.2016.02.015;Pyroclastic material;Micro Analytical;Glass shards;EMP;Lake core;-39.546;CAL1;;;55.3737;1.4624;14.3078;9.9602;0.1808;4.423;8.0621;3.7139;0.987;0.2785
1025;Chaitén;Cha1;;;Ant-1;14_05_3-7;Antillanca;-72.20333333;Alloway et al., 2017a;https://doi.org/10.1016/j.quascirev.2017.05.011;Pyroclastic material;Micro Analytical;Glass shards;EMP;Outcrop;-40.77416667;Antillanca;Geochemistry_Issue;;71.47305;0.098167;12.833471;1.180296;0.222;0.041;1.041206;3.581504;2.847398;
9019;Mocho-Choshuenco;MC3;4.0;;130108-05C;2ox1_11;;-72.037678;Rawson et al., 2015;https://doi.org/10.1016/j.jvolgeores.2015.04.003;Pyroclastic material;Micro Analytical;Glass shards;EMP;Outcrop;-39.909329;130108-05;Position_Issue;;61.5239;0.7982;16.0428;6.2853;0.2189;2.5376;4.8568;4.9501;1.619;0.1685
14975;Unknown;Unknown;;;RIN2A-V-13;CL'-F_29;Lago Riñihue;-72.389;Fontijn et al., 2016;https://doi.org/10.1016/j.quascirev.2016.02.015;Pyroclastic material;Micro Analytical;Glass shards;EMP;Lake core;-39.816;RIN2;;;58.2586;1.4256;16.0652;6.9468;0.1117;2.5074;5.3265;4.9594;2.0981;0.450066741
9889;Mocho-Choshuenco;Unknown;;;130108_02A;130108_02A;;-71.89314899;Rawson et al., 2016;https://doi.org/10.1016/j.epsl.2016.09.056;Pyroclastic material;Bulk;Bulk tephra;XRF, ICP-MS;Outcrop;-39.87170496;130108_02;Geochemistry_Issue;;52.20614114;1.292201249;19.02942718;;0.161803695;3.567757568;7.991849333;3.53989598;0.784610057;0.223964463
10859;Puyehue-Cordón Caulle;PCC2011;5.0;;PCC-2;13-19-2-10;Bariloche (BSI),  km 7.600;-71.401777;Alloway et al., 2015;https://doi.org/10.1038/srep17589;Pyroclastic material;Micro Analytical;Glass shards;LA-ICP-MS;Outcrop;-41.13;;;2011;;;;;;;;;;
11550;Puyehue-Cordón Caulle;PCC2;4.9;5.0;CLD244C;PII-C_5;;-71.62799402;Fontijn et al., 2016;https://doi.org/10.1016/j.quascirev.2016.02.015;Pyroclastic material;Micro Analytical;Glass shards;EMP;Outcrop;-40.47657704;CLD244;;;71.2419;0.3605;13.3376;3.4794;0.0815;0.1948;1.4031;5.2558;2.9113;0.0147
16494;Villarrica;Unknown;;;VILL2C-II-25;LV2B_10;Lago Villarrica;-72.1655;Fontijn et al., 2016;https://doi.org/10.1016/j.quascirev.2016.02.015;Pyroclastic material;Micro Analytical;Glass shards;EMP;Lake core;-39.2585;VILL2;;;54.2417;1.5294;12.894;10.9973;0.3132;5.2023;9.3851;3.2779;0.8353;0.2465
2690;Chaitén;Vcha-2008;;;S9-04-05-2008;08-1_5 9;;-72.786722;Alloway et al., 2017a;https://doi.org/10.1016/j.quascirev.2017.05.011;Pyroclastic material;Micro Analytical;Glass shards;EMP;Outcrop;-42.863667;Section 9;Geochemistry_Issue;2008;74.661528;0.142;13.9317058;1.2558378;0.058;0.273;1.351608;3.7553386;3.00233026;
16433;Villarrica;Pucón;5.7;5.0;VILL1C-II-55;LV2A_30;Lago Villarrica;-72.171;Fontijn et al., 2016;https://doi.org/10.1016/j.quascirev.2016.02.015;Pyroclastic material;Micro Analytical;Glass shards;EMP;Lake core;-39.257;VILL1;;;55.3071;1.4858;14.8961;9.8393;0.1558;4.0144;7.4702;3.7637;1.0732;0.2667
10800;Puyehue-Cordón Caulle;PCC2011;5.0;;PCC-18;13-20-6-10;Comallo;-70.246716;Alloway et al., 2015;https://doi.org/10.1038/srep17589;Pyroclastic material;Micro Analytical;Glass shards;LA-ICP-MS;Outcrop;-41.10592;;;2011;;;;;;;;;;
13399;Quetrupillán;Quet6;;;CLD194B;Qu13-A-6;;-71.65841999;Fontijn et al., 2016;https://doi.org/10.1016/j.quascirev.2016.02.015;Pyroclastic material;Micro Analytical;Glass shards;EMP;Outcrop;-39.56570699;CLD194;;;65.53801559;1.043385315;15.55465209;4.19256652;0.159211387;1.115481037;3.045042939;4.705247212;2.993975136;0.318422774
5858;Llaima;Llaima Pumice;;;JK261b;JK261b-15;;-71.61;Schindlbeck et al., 2014;https://doi.org/10.1007/s00445-014-0830-x;Pyroclastic material;Micro Analytical;Glass shards;EMP;Outcrop;-38.76;C275;;;69.7;0.3965;15.31;4.23;0.1641;0.4558;2.39;5.58;1.71;0.0778
16410;Villarrica;Unknown;;;VILL1C-I-23;LV1F_30;Lago Villarrica;-72.171;Fontijn et al., 2016;https://doi.org/10.1016/j.quascirev.2016.02.015;Pyroclastic material;Micro Analytical;Glass shards;EMP;Lake core;-39.257;VILL1;;;57.1611;1.6706;14.7002;10.9061;0.1764;3.294;7.1384;4.0414;0.9775;0.2531
11057;Puyehue-Cordón Caulle;Unknown;;;LB090816-1;LB090816-1;Cerro Hueleco;-72.1669552;Bertin et al., 2018;http://tienda.sernageomin.cl/TiendaVirtual2/ProductDetail.aspx?pid=2882;Organic matter;Micro Analytical;Charcoal;Accelerator Mass Spectrometry;Outcrop;-40.3559045;;DOI_Issue;;;;;;;;;;;
13876;Sollipulli;Alpehué;6.0;;VILLAR1B-I-58;LV5A_6;Lago Villarrica;-72.21001;Fontijn et al., 2016;https://doi.org/10.1016/j.quascirev.2016.02.015;Pyroclastic material;Micro Analytical;Glass shards;EMP;Lake core;-39.28339;VILLAR1;;;70.9193;0.2374;13.4828;1.8074;0.0497;0.1859;1.048;4.7485;4.0046;0.0254
14612;Unknown;Unknown;;;CLD235C;PII-B_8;;-71.43846997;Fontijn et al., 2016;https://doi.org/10.1016/j.quascirev.2016.02.015;Pyroclastic material;Micro Analytical;Glass shards;EMP;Outcrop;-39.57226901;CLD235;;;63.5458;0.8301;15.348;4.3774;0.1037;1.0319;3.015;5.3513;3.0323;0.2583
9820;Mocho-Choshuenco;Hua-hum;4.6;4.0;CLD153A;1K2_20;;-71.94895201;Rawson et al., 2015;https://doi.org/10.1016/j.jvolgeores.2015.04.003;Pyroclastic material;Micro Analytical;Glass shards;EMP;Outcrop;-40.22828604;CLD153;EventName_Issue;;62.3818;1.1092;15.6084;6.4905;0.2076;2.0092;4.4691;5.4354;1.5564;0.4143
1020;Chaitén;Cha1;;;Ant-1;14_05_3-22;Antillanca;-72.20333333;Alloway et al., 2017a;https://doi.org/10.1016/j.quascirev.2017.05.011;Pyroclastic material;Micro Analytical;Glass shards;EMP;Outcrop;-40.77416667;Antillanca;Geochemistry_Issue;;72.92439;0.115815;13.121036;1.180296;0.204;0.067;1.162956;3.731082;2.696048;
15072;Unknown;Unknown;;;VILL1D-I-63;LV3B_17;Lago Villarrica;-72.171;Fontijn et al., 2016;https://doi.org/10.1016/j.quascirev.2016.02.015;Pyroclastic material;Micro Analytical;Glass shards;EMP;Lake core;-39.257;VILL1;;;57.7902;1.205;15.7045;8.651;0.2229;3.5597;7.6553;3.1906;1.0483;0.180431726
13449;Quetrupillán;Quet6;;;CLD198A;Qu13-C-10;;-71.66613202;Fontijn et al., 2016;https://doi.org/10.1016/j.quascirev.2016.02.015;Pyroclastic material;Micro Analytical;Glass shards;EMP;Outcrop;-39.55963799;CLD198;;;66.47515232;1.144949928;15.73505487;4.293562232;0.290240804;1.192989786;3.018504357;4.578798884;3.023508509;0.287238312
2101;Chaitén;Pumalín;;;Pum-2-10;13-04-6-25;;-72.39888889;Alloway et al., 2017a;https://doi.org/10.1016/j.quascirev.2017.05.011;Pyroclastic material;Micro Analytical;Glass shards;LA-ICP-MS;Outcrop;-42.92305556;Pumalín-2;;;;;;;;;;;;
9786;Mocho-Choshuenco;MC12;4.0;;7F2;7F2_18;;-72.037678;Rawson et al., 2015;https://doi.org/10.1016/j.jvolgeores.2015.04.003;Pyroclastic material;Micro Analytical;Glass shards;EMP;Outcrop;-39.909329;;Position_Issue;;64.6971;0.9786;16.0073;5.2288;0.2072;1.334;3.7127;5.4578;1.9076;0.3681
7843;Mocho-Choshuenco;Neltume;5.7;;040114-2C;6F2_7;;-72.068;Rawson et al., 2015;https://doi.org/10.1016/j.jvolgeores.2015.04.003;Pyroclastic material;Micro Analytical;Glass shards;EMP;Outcrop;-39.529;040114-2;EventName_Issue;;66.8086;0.4189;14.9239;2.2205;0.0183;0.3887;1.5913;5.27;2.3147;0.102
1707;Chaitén;Unknown;;;-2,00 LTT;12-01-5-10;;-72.70622;Alloway et al., 2017a;https://doi.org/10.1016/j.quascirev.2017.05.011;Pyroclastic material;Micro Analytical;Glass shards;LA-ICP-MS;Lake core;-42.90225;Lago Teo;;;;;;;;;;;;
10179;Monte Burney;MB1;;;PROXAVZ2-MB1-TOM-GOLD;PROXAVZ2-MB1-TOM-GOLD_14;Laguna Tom Gold;-69.93333333;Smith et al., 2019;https://doi.org/10.1016/j.quascirev.2019.06.001;Pyroclastic material;Micro Analytical;Glass shards;EMP;Outcrop;-52.15;;;;74.53726248;0.283216726;12.58823303;1.426901611;0.081865812;0.326001359;1.729902575;4.515289369;1.724834691;0.02923779
6569;Mentolat;Unknown;;;CS-2120-D;CS-2120-D;Laguna El Toro;-71.828465;Weller et al., 2015;https://doi.org/10.1007/s00445-015-0991-2;Pyroclastic material;Bulk;Bulk tephra;ICP-MS;Lake core;-45.532004;PC1002 A;;;;;;;;;;;;
16134;Villarrica;Pucón;5.7;5.0;CLD041B;12F2-A_27;;-71.55098343;Fontijn et al., 2016;https://doi.org/10.1016/j.quascirev.2016.02.015;Pyroclastic material;Micro Analytical;Glass shards;EMP;Outcrop;-39.45070711;CLD041;;;57.5322;1.4635;15.0271;10.1941;0.2162;3.4752;7.2436;3.2504;0.8725;0.2522
4427;Lanín;Lan2;;;CLD406A;FXV-II-A_21;;-71.489618;Fontijn et al., 2016;https://doi.org/10.1016/j.quascirev.2016.02.015;Pyroclastic material;Micro Analytical;Glass shards;EMP;Outcrop;-39.430254;CLD406;;;63.9046;0.3845;17.2513;3.7493;0.1233;0.4303;1.871;5.2157;3.6119;0.1088
8031;Mocho-Choshuenco;Hua-hum;4.6;4.0;080114-6C;8F1_11;;-71.968;Rawson et al., 2015;https://doi.org/10.1016/j.jvolgeores.2015.04.003;Pyroclastic material;Micro Analytical;Glass shards;EMP;Outcrop;-39.899;080114-6;EventName_Issue;;63.5092;1.1822;16.9434;5.7153;0.1315;1.4281;4.6755;5.3789;1.556;0.4126
13403;Quetrupillán;Unknown;;;CLD197A;CT'-I-C_1;;-71.66827703;Fontijn et al., 2016;https://doi.org/10.1016/j.quascirev.2016.02.015;Pyroclastic material;Micro Analytical;Glass shards;EMP;Outcrop;-39.565191;CLD197;;;53.34973929;1.322588519;16.18420156;9.119057751;0.135060098;5.474435986;8.941978955;3.257449483;0.865385075;0.23210328
10072;Monte Burney;MB1910;;;RR-2B;RR-2B-1;;-72.11;Del Carlo et al., 2018;https://doi.org/10.1016/j.quascirev.2018.07.028;Pyroclastic material;Micro Analytical;Glass shards;EMP, LA-ICP-MS;Outcrop;-52.02;Río Rubens;Geochemistry_Issue;1910;;;;;;;;;;
16608;Villarrica;Unknown;;;VILLAR1C-II-57;LV6E_4;Lago Villarrica;-72.21001;Fontijn et al., 2016;https://doi.org/10.1016/j.quascirev.2016.02.015;Pyroclastic material;Micro Analytical;Glass shards;EMP;Lake core;-39.28339;VILLAR1;;;57.7387;1.2114;16.7952;8.5438;0.1753;2.9527;7.3307;4.3307;0.8814;0.2865
14442;Unknown;Unknown;;;CALA02-52;LC2D_13;Lago Calafquen;-72.25;Fontijn et al., 2016;https://doi.org/10.1016/j.quascirev.2016.02.015;Pyroclastic material;Micro Analytical;Glass shards;EMP;Lake core;-39.549;CALA02;;;56.5965;1.3105;15.5802;9.1937;0.2048;4.0818;7.5133;3.9392;1.106;0.2457
12514;Quetrupillán;Unknown;;;CLD160N;Qu02-F_2;;-71.815766;Fontijn et al., 2016;https://doi.org/10.1016/j.quascirev.2016.02.015;Pyroclastic material;Micro Analytical;Glass shards;EMP;Outcrop;-39.45846599;CLD160;;;53.93796763;1.327098839;15.07737573;9.24916748;0.174905283;5.238253134;9.09307352;3.385738024;0.973786165;0.222934194
16571;Villarrica;Pucón;5.7;5.0;VILLAR1B-I-91;LV5B_27;Lago Villarrica;-72.21001;Fontijn et al., 2016;https://doi.org/10.1016/j.quascirev.2016.02.015;Pyroclastic material;Micro Analytical;Glass shards;EMP;Lake core;-39.28339;VILLAR1;;;56.2004;1.44;14.8346;9.2578;0.1874;3.7862;7.3167;3.7958;1.0642;0.3162
16261;Villarrica;Pucón;5.7;5.0;CLD182D;Qu11-F-2;;-71.553511;Fontijn et al., 2016;https://doi.org/10.1016/j.quascirev.2016.02.015;Pyroclastic material;Micro Analytical;Glass shards;EMP;Outcrop;-39.45075396;CLD182;;;58.31973065;1.284434548;15.68330595;9.216117984;0.21707344;3.563205499;6.995366662;3.825294168;1.159392244;0.233078855
10692;Puyehue-Cordón Caulle;PCC2011;5.0;;PCC-14;PCC-14_16;Villa La Angostura;-71.865977;Alloway et al., 2015;https://doi.org/10.1038/srep17589;Pyroclastic material;Micro Analytical;Glass shards;EMP;Outcrop;-40.672188;;Geochemistry_Issue;2011;71.817652;0.571254;14.28135;3.828404;0.070154;0.471034;1.623564;4.30946;3.066732;
14281;Unknown;Unknown;;;CAL2A-IV-48.5;LC13-G_14;Lago Calafquen;-72.25;Fontijn et al., 2016;https://doi.org/10.1016/j.quascirev.2016.02.015;Pyroclastic material;Micro Analytical;Glass shards;EMP;Lake core;-39.549;CAL2;;;56.4697;1.9266;14.932;10.3617;0.2152;2.8182;6.0436;4.4219;2.0283;0.6342
8391;Mocho-Choshuenco;MC3;4.0;;115_01d;115_01d_21;;-71.91667;Rawson et al., 2015;https://doi.org/10.1016/j.jvolgeores.2015.04.003;Pyroclastic material;Micro Analytical;Glass shards;EMP;Outcrop;-39.86667;;;;67.0399;0.7198;15.3902;3.6785;0.1502;0.9527;2.9439;5.197;2.1541;0.105
12627;Quetrupillán;Puesco;4.4;4.0;CLD166B;Qu05-D_14;;-71.55183798;Fontijn et al., 2016;https://doi.org/10.1016/j.quascirev.2016.02.015;Pyroclastic material;Micro Analytical;Glass shards;EMP;Outcrop;-39.52539397;CLD166;;;65.671;0.8909;14.768;4.2525;0.1057;0.904;2.4309;5.0865;3.3884;0.2306
5277;Llaima;Llaima Pumice;;;JK205;JK205-1;;-71.61;Schindlbeck et al., 2014;https://doi.org/10.1007/s00445-014-0830-x;Pyroclastic material;Micro Analytical;Glass shards;EMP;Outcrop;-38.77;C262;;;64.6;0.921;15.82;6.26;0.172;1.3043;4.21;4.78;1.36;0.2612
6817;Michinmahuida;Lepué;;;14J13 S5-1;13-06-35-20;;-72.58916667;Alloway et al., 2017b;https://doi.org/10.1002/jqs.2976;Pyroclastic material;Micro Analytical;Glass shards;LA-ICP-MS;Outcrop;-42.62472222;Puente Aguila (Section 5);Geochemistry_Issue;;;;;;;;;;;
9808;Mocho-Choshuenco;Hua-hum;4.6;4.0;CLD153A;1K2_1;;-71.94895201;Rawson et al., 2015;https://doi.org/10.1016/j.jvolgeores.2015.04.003;Pyroclastic material;Micro Analytical;Glass shards;EMP;Outcrop;-40.22828604;CLD153;EventName_Issue;;62.3708;1.242;15.4213;6.0311;0.2207;2.0494;4.9149;4.9549;1.3895;0.3267
11180;Puyehue-Cordón Caulle;Unknown;;;CAL2A-V-41.5;LC14-D_6;Lago Calafquen;-72.25;Fontijn et al., 2016;https://doi.org/10.1016/j.quascirev.2016.02.015;Pyroclastic material;Micro Analytical;Glass shards;EMP;Lake core;-39.549;CAL2;;;66.9474;0.9083;14.2341;5.4012;0.0968;0.9035;2.7983;5.2652;2.5533;0.2545
9730;Mocho-Choshuenco;Neltume;5.7;;6M4;6M4_9;;-72.068;Rawson et al., 2015;https://doi.org/10.1016/j.jvolgeores.2015.04.003;Pyroclastic material;Micro Analytical;Glass shards;EMP;Outcrop;-39.529;;EventName_Issue;;66.758;0.4482;14.4066;2.2449;0.0943;0.4819;1.6042;4.8762;2.2923;0.0991
4694;Llaima;1852 Llaima;;;8LM-338_C17m;8LM-338_C17m;;-71.73;Bouvet de Maisonneuve et al., 2012;https://doi.org/10.1016/j.jvolgeores.2011.09.010;Pyroclastic material;Micro Analytical;Open melt inclusions;EMP, SIMS, LA-ICP-MS;Outcrop;-38.7;;Position_Issue;1852;53.19048669;0.990826458;15.74230151;11.2069634;0.217238931;4.87268048;9.245598859;3.473571716;0.497613246;0.0
4050;Hudson;H1;;6.0;94T-49E;94T-49E;Juncal Alto;-71.96527;Naranjo & Stern, 1998;https://doi.org/10.1007/s004450050193;Organic matter;Bulk;Peat;;Outcrop;-46.240015;94T-49;;;;;;;;;;;;
9222;Mocho-Choshuenco;MC10;3.0;;130120-06A;1N2_2;;-71.953;Rawson et al., 2015;https://doi.org/10.1016/j.jvolgeores.2015.04.003;Pyroclastic material;Micro Analytical;Glass shards;EMP;Outcrop;-39.8035;130120-06;;;54.6428;1.3526;15.459;9.1596;0.1771;4.2435;8.244;3.7512;0.9691;0.2106
9142;Mocho-Choshuenco;Pirehueico;5.3;5.0;130114-1D;5F4_3;;-71.933;Rawson et al., 2015;https://doi.org/10.1016/j.jvolgeores.2015.04.003;Pyroclastic material;Micro Analytical;Glass shards;EMP;Outcrop;-39.994;130114-1;EventName_Issue;;68.8898;0.6358;15.4561;2.9016;0.1075;0.577;2.0401;6.4045;2.3113;0.1146
16597;Villarrica;Unknown;;;VILLAR1C-I-1;LV5F_2;Lago Villarrica;-72.21001;Fontijn et al., 2016;https://doi.org/10.1016/j.quascirev.2016.02.015;Pyroclastic material;Micro Analytical;Glass shards;EMP;Lake core;-39.28339;VILLAR1;;;55.3356;1.3138;14.1105;10.3899;0.2879;5.1807;8.2497;3.2468;0.8482;0.237
11367;Puyehue-Cordón Caulle;Ranco;5.5;5.0;CLD239A;IT'IV-C_16;;-71.72437501;Fontijn et al., 2016;https://doi.org/10.1016/j.quascirev.2016.02.015;Pyroclastic material;Micro Analytical;Glass shards;EMP;Outcrop;-40.67586198;CLD239;;;70.0091;0.3031;13.8643;3.6829;0.1277;0.2131;1.6657;5.2882;2.8854;0.0513
14213;Unknown;Unknown;;;CAL2A-II-18;CL'-B_18;Lago Calafquen;-72.25;Fontijn et al., 2016;https://doi.org/10.1016/j.quascirev.2016.02.015;Pyroclastic material;Micro Analytical;Glass shards;EMP;Lake core;-39.549;CAL2;;;67.9115;1.0729;14.1737;4.1893;0.1893;0.6685;1.8384;4.8324;3.8728;0.2342
7318;Mocho-Choshuenco;Enco;;5.0;4T6;4T6_8;Lago Riñihue;-72.389;Fontijn et al., 2016;https://doi.org/10.1016/j.quascirev.2016.02.015;Pyroclastic material;Micro Analytical;Glass shards;EMP;Outcrop;-39.816;RIN2;EventName_Issue;;58.96676471;1.341362149;16.01043292;7.398619575;0.19856085;2.391341508;5.076168569;4.362931588;1.574568513;0.342249614
5329;Llaima;Unknown;;;JK208;JK208-10;;-71.64;Schindlbeck et al., 2014;https://doi.org/10.1007/s00445-014-0830-x;Pyroclastic material;Micro Analytical;Glass shards;EMP;Outcrop;-38.83;C263;;;64.05;1.4023;14.64;7.7;0.1924;1.6308;4.44;4.56;1.43;0.3284
2706;Chaitén;Vcha-2008;;;SC-T1;15-01-6-23;Lago Pinto, Futaleufú;-71.90211;Alloway et al., 2017a;https://doi.org/10.1016/j.quascirev.2017.05.011;Pyroclastic material;Micro Analytical;Glass shards;EMP;Lake core;-43.15761;Lago Pinto, Futaleufú;Geochemistry_Issue;2008;75.41;0.136152;13.866;1.448;0.272;0.065;1.451;3.543802;2.940504;
11824;Puyehue-Cordón Caulle;Mil Hojas;5.0;5.0;CLD312A;PI-A_17;;-71.97225002;Fontijn et al., 2016;https://doi.org/10.1016/j.quascirev.2016.02.015;Pyroclastic material;Micro Analytical;Glass shards;EMP;Outcrop;-40.30266001;CLD312;;;68.523;0.6818;14.1097;4.0404;0.1141;0.5917;2.0442;5.3357;2.7639;0.1024
15377;Unknown;Unknown;;;T7/98;T7/98-3;;-75.03;Martínez Fontaine et al., 2021;https://doi.org/10.1016/j.quascirev.2021.106928;Pyroclastic material;Micro Analytical;Glass shards;EMP;Marine core;-40.93;MD07-3098;;;69.77;0.46;14.33;3.62;0.18;0.37;1.67;2.72;3.15;
7543;Mocho-Choshuenco;Neltume;;5.0;CLD168I;Qu07-Fb-6;;-71.54553797;Fontijn et al., 2016;https://doi.org/10.1016/j.quascirev.2016.02.015;Pyroclastic material;Micro Analytical;Glass shards;EMP;Outcrop;-39.50296802;CLD168;EventName_Issue;;69.81340485;0.553597936;14.57273989;2.801025363;0.043046494;0.583630374;1.699835978;4.447804035;2.520722611;0.178192464
9727;Mocho-Choshuenco;Neltume;5.7;;6M4;6M4_2;;-72.068;Rawson et al., 2015;https://doi.org/10.1016/j.jvolgeores.2015.04.003;Pyroclastic material;Micro Analytical;Glass shards;EMP;Outcrop;-39.529;;EventName_Issue;;67.8322;0.4172;14.8734;2.5771;0.1071;0.5057;1.8944;5.3238;2.3609;0.1097
15193;Unknown;Unknown;;;VILL3A-III-57;LV3C_7;Lago Villarrica;-72.157893;Fontijn et al., 2016;https://doi.org/10.1016/j.quascirev.2016.02.015;Pyroclastic material;Micro Analytical;Glass shards;EMP;Lake core;-39.281989;VILL3;;;66.0937;0.9392;16.0569;4.0111;0.0817;0.929;3.0017;5.2739;2.9997;0.1602
14573;Unknown;Unknown;;;CLD167E;Qu06-Eb-7;;-71.54548399;Fontijn et al., 2016;https://doi.org/10.1016/j.quascirev.2016.02.015;Pyroclastic material;Micro Analytical;Glass shards;EMP;Outcrop;-39.50395399;CLD167;;;63.49929484;1.130340311;15.08889179;5.6637158;0.0;1.478753445;3.712402013;4.428250837;3.252857104;0.416493861
5237;Llaima;Unknown;;;JK199;JK199-6;;-71.63;Schindlbeck et al., 2014;https://doi.org/10.1007/s00445-014-0830-x;Pyroclastic material;Micro Analytical;Glass shards;EMP;Outcrop;-38.77;C260;;;57.33;1.97;13.09;12.6;0.2174;3.15;7.1;3.12;0.9128;0.2821
10129;Monte Burney;Unknown;;;B-77;LPA_B77_40.67m_10;Laguna Potrok Aike;-70.383333;Smith et al., 2019;https://doi.org/10.1016/j.quascirev.2019.06.001;Pyroclastic material;Micro Analytical;Glass shards;EMP;Lake core;-51.966667;ICDP 5022-2CP;;;75.47398778;0.289743441;13.5461695;1.566600605;0.0;0.44085836;2.032333445;3.210479237;1.560799838;0.042178465
1927;Chaitén;Vcha-2008;;;Nalca-31-05-2008;08-1 2 12;Nalca;-72.64777778;Alloway et al., 2017a;https://doi.org/10.1016/j.quascirev.2017.05.011;Pyroclastic material;Micro Analytical;Glass shards;EMP;Outcrop;-42.8375;;Position_Issue, Geochemistry_Issue;2008;74.8348782;0.118;13.8495637;1.1879076;0.047;0.249;1.320195;3.9336726;3.21202962;
14017;Unknown;Yelcho;;;SC-T5;15-01-4-17;Lago Pinto, Futaleufú;-71.90211;Alloway et al., 2017a;https://doi.org/10.1016/j.quascirev.2017.05.011;Pyroclastic material;Micro Analytical;Glass shards;EMP;Lake core;-43.15761;Lago Pinto, Futaleufú;VolcanicSource_Issue, Geochemistry_Issue;;67.976;0.766692;15.441;4.896;0.803;0.137;2.395;4.29201;3.375204;
3813;Hudson;H1;;;Opr-5;Opr-5-2;;-73.67;Haberle & Lumley, 1998;https://doi.org/10.1016/S0377-0273(98)00037-7;Pyroclastic material;Micro Analytical;Glass shards;EMP;Lake core;-44.37;Laguna Oprasa;SampleID_Issue, EventName_Issue;;53.589;1.166;15.799;8.984;;5.501;8.955;3.271;0.835;
13542;Quetrupillán;Unknown;;;CLD404B;FXV-I-G_10;;-71.548033;Fontijn et al., 2016;https://doi.org/10.1016/j.quascirev.2016.02.015;Pyroclastic material;Micro Analytical;Glass shards;EMP;Outcrop;-39.518274;CLD404;;;68.1556;1.0874;14.4722;4.0367;0.1309;0.7023;1.8503;4.4877;4.0382;0.312
6550;Mentolat;Unknown;;;CS 4130;CS 4130;Laguna Unco;-71.716663;Weller et al., 2015;https://doi.org/10.1007/s00445-015-0991-2;Pyroclastic material;Bulk;Bulk tephra;ICP-MS;Lake core;-45.571848;PC1103 E;;;;;;;;;;;;
9599;Mocho-Choshuenco;Riñihue;3.0;;150114-5;11F4_26;;-71.911;Rawson et al., 2015;https://doi.org/10.1016/j.jvolgeores.2015.04.003;Pyroclastic material;Micro Analytical;Glass shards;EMP;Outcrop;-39.909329;150114-5;Position_Issue, EventName_Issue;;55.1144;1.3349;16.3891;9.1922;0.2067;4.7874;8.2786;3.7434;0.9243;0.2183
1342;Chaitén;Unknown;;;LAZ-D TII;12-03-6-13;La Zeta, Esquel;-71.36497;Alloway et al., 2017a;https://doi.org/10.1016/j.quascirev.2017.05.011;Pyroclastic material;Micro Analytical;Glass shards;LA-ICP-MS;Outcrop;-42.89061;La Zeta, Esquel (Dune section);;;;;;;;;;;;
16671;Villarrica;Licán;;;VR5-2;VR5-2-4;;-72.1711;Lohmar et al., 2012;https://doi.org/10.1016/j.jvolgeores.2012.05.006;Pyroclastic material;Micro Analytical;Glass shards;EMP;Outcrop;-39.455;;SampleID_Issue;;58.71;1.52;14.87;10.76;0.19;2.41;5.66;2.28;1.7;0.16
2249;Chaitén;Puma Verde;;;Pum-4-6;13-03-16-18;;-72.40083333;Alloway et al., 2017a;https://doi.org/10.1016/j.quascirev.2017.05.011;Pyroclastic material;Micro Analytical;Glass shards;EMP;Outcrop;-42.96194444;Pumalín-4;Geochemistry_Issue;;77.796108;0.086;13.61177;1.065792;0.172;0.064;1.043866;4.058;3.27813;
454;Caburgua-Huelemolles-Relicura;Unknown;;;Cab2-1;Cab2-1;Caburgua;-71.822277;Morgado et al., 2015;https://doi.org/10.1016/j.jvolgeores.2015.09.023;Effusive material;Bulk;Lava;XRF, ICP-MS;Outcrop;-39.19919;;;;50.24;1.13;17.5;;0.156;6.33;8.79;3.34;0.82;0.33
14807;Unknown;Unknown;;;LR0901B-T7-20;LRa2-C_16;Laguna Las Ranas;-72.087;Fontijn et al., 2016;https://doi.org/10.1016/j.quascirev.2016.02.015;Pyroclastic material;Micro Analytical;Glass shards;EMP;Lake core;-39.189;LR0901B;;;66.4015;0.5177;15.0063;3.3714;0.1185;0.2754;2.304;5.9087;1.6998;0.1153
5855;Llaima;Llaima Pumice;;;JK261b;JK261b-1;;-71.61;Schindlbeck et al., 2014;https://doi.org/10.1007/s00445-014-0830-x;Pyroclastic material;Micro Analytical;Glass shards;EMP;Outcrop;-38.76;C275;;;69.24;0.4371;15.28;3.96;0.2161;0.476;2.47;5.29;1.64;0.096
13735;Reclus;R1;;;T-24;LPA_T24_11;Laguna Potrok Aike;-70.383333;Smith et al., 2019;https://doi.org/10.1016/j.quascirev.2019.06.001;Pyroclastic material;Micro Analytical;Glass shards;EMP;Lake core;-51.966667;ICDP 5022-2CP;;;73.51751777;0.120818318;12.19398619;1.264546015;0.00875909;0.21478812;1.470289423;3.74698637;2.501577063;0.0
10989;Puyehue-Cordón Caulle;PCC2011;5.0;;PCC-7;13-19-4-18;Villa La Angostura (VLA), Gendarmería;-71.526204;Alloway et al., 2015;https://doi.org/10.1038/srep17589;Pyroclastic material;Micro Analytical;Glass shards;LA-ICP-MS;Outcrop;-40.678596;;;2011;;;;;;;;;;
683;Carrán-Los Venados;Riñinahue1907;;;10.7-11.2 cm;69;Lago Puyehue;-72.42235;Bertrand et al., 2008;https://doi.org/10.1016/j.yqres.2008.06.001;Pyroclastic material;Micro Analytical;Glass shards;EMP;Lake core;-40.69738;PU-II-P2;;1907;62.7;0.99;15.13;7.16;;1.38;3.82;4.37;1.64;
1561;Chaitén;Unknown;;;-12,00 LTT;13-21-3-09;;-72.70622;Alloway et al., 2017a;https://doi.org/10.1016/j.quascirev.2017.05.011;Pyroclastic material;Micro Analytical;Glass shards;LA-ICP-MS;Lake core;-42.90225;Lago Teo;;;;;;;;;;;;
14842;Unknown;Unknown;;;LR0901B-T9-45.5;LRa3-B_18;Laguna Las Ranas;-72.087;Fontijn et al., 2016;https://doi.org/10.1016/j.quascirev.2016.02.015;Pyroclastic material;Micro Analytical;Glass shards;EMP;Lake core;-39.189;LR0901B;;;60.8743;1.7429;13.8218;9.4541;0.1386;1.8001;5.0778;2.9597;1.388;0.4126
1925;Chaitén;Vcha-2008;;;Nalca-31-05-2008;08-1 2 10;Nalca;-72.64777778;Alloway et al., 2017a;https://doi.org/10.1016/j.quascirev.2017.05.011;Pyroclastic material;Micro Analytical;Glass shards;EMP;Outcrop;-42.8375;;Position_Issue, Geochemistry_Issue;2008;69.19394175;0.133;12.8212663;1.2445161;0.041;0.284;1.203033;4.2809546;3.13238419;
12137;Puyehue-Cordón Caulle;Mil Hojas;5.0;5.0;RIN2A-II-3;3T4_22;Lago Riñihue;-72.389;Fontijn et al., 2016;https://doi.org/10.1016/j.quascirev.2016.02.015;Pyroclastic material;Micro Analytical;Glass shards;EMP;Lake core;-39.816;RIN2;;;67.67477498;0.627755747;14.64760071;3.962326141;0.05721445;0.539078359;2.279960778;5.236474918;2.759620278;0.146793642
6930;Michinmahuida;Lepué;;;LAZ-T7B;12-05-29_22;La Zeta, Esquel;-71.36472222;Alloway et al., 2017b;https://doi.org/10.1002/jqs.2976;Pyroclastic material;Micro Analytical;Glass shards;EMP;Outcrop;-42.89083333;La Zeta, Esquel;Geochemistry_Issue;;70.6797;0.323;13.736079;3.946958;0.149;0.193;1.451388;6.434;1.898235;
13329;Quetrupillán;Quet5;3.0;;CLD193A;Qu12-F-13;;-71.65118298;Fontijn et al., 2016;https://doi.org/10.1016/j.quascirev.2016.02.015;Pyroclastic material;Micro Analytical;Glass shards;EMP;Outcrop;-39.56687199;CLD193;;;66.17142241;1.012031164;15.38867961;4.265345983;0.210214188;1.115136218;2.842896642;4.668757021;3.24630768;0.205209089
2097;Chaitén;Pumalín;;;Pum-2-10;13-04-6-21;;-72.39888889;Alloway et al., 2017a;https://doi.org/10.1016/j.quascirev.2017.05.011;Pyroclastic material;Micro Analytical;Glass shards;LA-ICP-MS;Outcrop;-42.92305556;Pumalín-2;;;;;;;;;;;;
4063;Hudson;Hudson1991;4.0;;MG-1;MG-1;;-72.96665;Naranjo et al., 1993a;https://www.researchgate.net/publication/284533392_La_erupcion_del_volcan_Hudson_en_1991_46S_Region_XI_Aisen_Chile;Pyroclastic material;Bulk;;;Outcrop;-45.900014;;Position_Issue, DOI_Issue;1991;60.79;1.0;16.85;6.15;0.19;1.99;4.24;5.66;2.31;0.38
1919;Chaitén;Vilcún;;;-6,00 LTT;12-17-6-28;;-72.70622;Alloway et al., 2017a;https://doi.org/10.1016/j.quascirev.2017.05.011;Pyroclastic material;Micro Analytical;Glass shards;LA-ICP-MS;Lake core;-42.90225;Lago Teo;;;;;;;;;;;;
10260;Monte Burney;Unknown;;;T-50;LPA5_94.329m_3;Laguna Potrok Aike;-70.383333;Smith et al., 2019;https://doi.org/10.1016/j.quascirev.2019.06.001;Pyroclastic material;Micro Analytical;Glass shards;EMP;Lake core;-51.966667;ICDP 5022-2CP;;;71.6362553;0.346044445;12.88567263;1.678525397;0.082695847;0.478624869;2.12042835;4.390701193;1.530207009;0.020793189
697;Carrán-Los Venados;Riñinahue1907;;;54.5-55 cm;107;Lago Puyehue;-72.365893;Bertrand et al., 2008;https://doi.org/10.1016/j.yqres.2008.06.001;Pyroclastic material;Micro Analytical;Glass shards;EMP;Lake core;-40.664295;PU-I-P1;;1907;69.62;0.8;13.05;3.56;;0.78;2.72;5.03;1.72;
1218;Chaitén;Vcha-2008;;;ElCelta-03-05-2008;08-1_4 10;El Celta;-71.52111111;Alloway et al., 2017a;https://doi.org/10.1016/j.quascirev.2017.05.011;Pyroclastic material;Micro Analytical;Glass shards;EMP;Outcrop;-43.17583333;;Geochemistry_Issue;2008;74.50732695;0.121;13.9388045;1.2584505;0.035;0.263;1.225956;2.951897;3.04769791;
1372;Chaitén;Unknown;;;LAZ-T12;12-04-6-24;La Zeta, Esquel;-71.36472;Alloway et al., 2017a;https://doi.org/10.1016/j.quascirev.2017.05.011;Pyroclastic material;Micro Analytical;Glass shards;LA-ICP-MS;Outcrop;-42.89083333;La Zeta, Esquel (Drain section);;;;;;;;;;;;
14138;Unknown;Unknown;;;CAL1A-IV-53;LC3A_5;Lago Calafquen;-72.219;Fontijn et al., 2016;https://doi.org/10.1016/j.quascirev.2016.02.015;Pyroclastic material;Micro Analytical;Glass shards;EMP;Lake core;-39.546;CAL1;;;55.8168;1.5461;15.4471;9.2482;0.1615;3.8636;7.3978;3.9597;1.0113;0.2728
16629;Villarrica;Licán;6.2;6.0;VILLAR8C-II-116;LV6-F_7;Lago Villarrica;-72.21;Fontijn et al., 2016;https://doi.org/10.1016/j.quascirev.2016.02.015;Pyroclastic material;Micro Analytical;Glass shards;EMP;Lake core;-39.283;;;;56.0934;1.5905;15.2944;10.3022;0.1906;3.1405;6.8685;4.3893;0.8458;0.2978
5432;Llaima;Unknown;;;JK216;JK216-5;;-71.61;Schindlbeck et al., 2014;https://doi.org/10.1007/s00445-014-0830-x;Pyroclastic material;Micro Analytical;Glass shards;EMP;Outcrop;-38.77;C265;;;57.41;1.3549;15.88;9.54;0.1846;3.92;6.82;3.46;0.9922;0.2407
12429;Quetrupillán;Puesco;4.4;4.0;CLD037A;12F4-B_10;;-71.55632366;Fontijn et al., 2016;https://doi.org/10.1016/j.quascirev.2016.02.015;Pyroclastic material;Micro Analytical;Glass shards;EMP;Outcrop;-39.53718295;CLD037;;;66.5516;0.9038;14.9846;3.9423;0.1075;0.8493;2.4234;5.3643;3.4547;0.2434
13754;Reclus;Unknown;;;T-25;LPA3_21.074m_12;Laguna Potrok Aike;-70.383333;Smith et al., 2019;https://doi.org/10.1016/j.quascirev.2019.06.001;Pyroclastic material;Micro Analytical;Glass shards;EMP;Lake core;-51.966667;ICDP 5022-2CP;;;74.48732989;0.226799522;13.47618238;1.714639975;0.078203322;0.321513533;2.134723309;4.091783697;2.175851731;0.01977328
13298;Quetrupillán;Unknown;;;CLD184D;Qu12-D-3;;-71.63152901;Fontijn et al., 2016;https://doi.org/10.1016/j.quascirev.2016.02.015;Pyroclastic material;Micro Analytical;Glass shards;EMP;Outcrop;-39.38500204;CLD184;;;66.55473346;0.69312197;15.00328612;4.06057293;0.0;0.951540277;2.252646403;4.413143643;3.460601744;0.218353453
2316;Chaitén;Cha1;;;Pum-4-8;13-03-2-11;;-72.40083333;Alloway et al., 2017a;https://doi.org/10.1016/j.quascirev.2017.05.011;Pyroclastic material;Micro Analytical;Glass shards;LA-ICP-MS;Outcrop;-42.96194444;Pumalín-4;;;;;;;;;;;;
16584;Villarrica;Unknown;;;VILLAR1B-II-36;LV5D_15;Lago Villarrica;-72.21001;Fontijn et al., 2016;https://doi.org/10.1016/j.quascirev.2016.02.015;Pyroclastic material;Micro Analytical;Glass shards;EMP;Lake core;-39.28339;VILLAR1;;;55.4406;1.5136;14.5049;10.6031;0.1904;3.8335;7.7692;3.6726;0.9992;0.2851
15509;Unknown;Unknown;;;-20,00 LTT;08-7_3 14;;-72.70622;Moreno et al., 2015;https://doi.org/10.1130/G36248.1;Pyroclastic material;Micro Analytical;Glass shards;EMP;Lake core;-42.90225;Lago Teo;VolcanicSource_Issue;;67.85892665;0.469779192;16.17181476;3.714707941;0.089430442;0.596921266;2.209848428;5.36790881;3.52066251;
2650;Chaitén;Unknown;;;S6.5;12-06-5-25;;-72.60494;Alloway et al., 2017a;https://doi.org/10.1016/j.quascirev.2017.05.011;Pyroclastic material;Micro Analytical;Glass shards;LA-ICP-MS;Outcrop;-42.7535;Section 6;;;;;;;;;;;;
7824;Mocho-Choshuenco;Neltume;5.7;;040114-2B;6F1_9;;-72.068;Rawson et al., 2015;https://doi.org/10.1016/j.jvolgeores.2015.04.003;Pyroclastic material;Micro Analytical;Glass shards;EMP;Outcrop;-39.529;040114-2;EventName_Issue;;70.2184;0.5358;15.5475;2.9712;0.1169;0.6039;2.1033;5.9745;2.2771;0.0586
16291;Villarrica;Pucón;5.7;5.0;CLD406E;FXV-II-C_27;;-71.489618;Fontijn et al., 2016;https://doi.org/10.1016/j.quascirev.2016.02.015;Pyroclastic material;Micro Analytical;Glass shards;EMP;Outcrop;-39.430254;CLD406;;;56.7202;1.3624;15.4368;9.3152;0.2164;3.2873;6.9217;3.306;0.9546;0.2758
4679;Llaima;1852 Llaima;;;8LM-338_C1;8LM-338_C1;;-71.73;Bouvet de Maisonneuve et al., 2012;https://doi.org/10.1016/j.jvolgeores.2011.09.010;Pyroclastic material;Micro Analytical;Closed melt inclusions;EMP, SIMS, LA-ICP-MS;Outcrop;-38.7;;Position_Issue;1852;51.602;1.216;15.391;10.4490988;0.195;5.798;9.296;3.2;0.708;0.076